|URL|Version|
|2017.youareherecanberra.com.au|1.12.4|
|acs-packaging.webqem.com|N/A|
|adytum.com.au|3.4.1|
|aie.webqem.com|N/A|
|airliefm.com.au|2.2.2|
|airliefundsmanagement.com.au|2.2.2|
|alastairswaynfoundation.org|1.12.4|
|amwaynewsroom.webqem.com|N/A|
|api.ethosurban.com|1.12.4|
|api-staging.ethosurban.com|1.12.4|
|app.edugamecloud.com.au|N/A|
|apply.smitrust.com.au|1.9.1|
|apply.smitrust.com.au|1.9.1|
|apply.ybr.com.au|1.9.1|
|archergriffith.com.au|1.12.4|
|aseanact.org|3.6.0|
|au.magellangroup.com.au|3.6.0|
|au.magnew.staging.webqem.net|3.6.0|
|ausiex.staging.webqem.net|3.5.1|
|australiancurriculumsupplies.com.au|1.12.4|
|australianow2019.com|3.4.1|
|bablgroupaction.staging.webqem.net|3.4.1|
|bellasset.com.au|3.1.1|
|blog.eyecareplus.com.au|N/A|
|blog.kokodatreks.com|3.6.0|
|blogkokoda.staging.webqem.net|3.5.1|
|brakesdirect-preprod.webqem.net|N/A|
|brakesdirect-test.webqem.net|1.12.4|
|brassey.net.au|3.5.1|
|brasseyhotel.com.au|3.5.1|
|brickworksyarralumla.com.au|1.12.4|
|brooks.staging.webqem.net|2.2.4|
|brucecrowe.com.au|N/A|
|burburyhotel.com.au|3.5.1|
|burburyterrace.com.au|3.5.1|
|buvette.com.au|3.6.0|
|ca.mfgam.com.au|3.6.0|
|campaigns.vow.com.au|3.6.0|
|campaigns.ybr.com.au|3.6.0|
|canberraequestriancentre.com.au|3.6.0|
|canberrayouththeatre.com.au|3.4.1|
|capitaldivide.com.au|3.4.1|
|cas.staging.webqem.net|3.5.1|
|caspre.staging.webqem.net|3.6.0|
|caudit.staging.webqem.net|3.5.1|
|cerrone.com.au|3.5.1|
|cgi.formstar.com|N/A|
|cgi.formstar.com|N/A|
|chamberlains.com.au|3.5.1|
|chamberlains.swelldev.com.au|3.5.1|
|childrens-services.ywca-canberra.org.au|1.12.4|
|classroom-acts-01.afpcollege.net.au|TIMEOUT|
|classroom-fms-01.afpcollege.net.au|TIMEOUT|
|clearbridge.staging.webqem.net|3.5.1|
|clearrun.com.au|N/A|
|clients.webqem.com|N/A|
|clinicaloutcomemeasures.org|3.4.1|
|clinicaloutcomemeasures.staging.webqem.net|3.4.1|
|clintoncapitalpartners.staging.webqem.net|2.2.4|
|cna.staging.webqem.net|N/A|
|codepress.com.au|3.4.1|
|confluence.webqem.com|2.2.4|
|confluence.webqem.com|2.2.4|
|cooperinvestors.staging.webqem.net|3.5.1|
|coroneos.com.au|1.12.4|
|cosmicact.com.au|2.1.3|
|crossingnewcastle.com.au|1.12.4|
|daintreecapital.com.au|3.5.1|
|danmurphiesgifting-preprod.webqem.net|TIMEOUT|
|de.mfgam.com.au|3.6.0|
|deploy.webqem.com|N/A|
|desirelinescc.com.au|3.4.1|
|digital-learning.mindfulemployer.com.au|3.3.1|
|digital-learning-uat.mindfulemployer.com.au|3.3.1|
|dksn.com.au|2.2.2|
|docksidekingston.com.au|1.12.4|
|domagroup.com.au|1.12.4|
|domahotels.com.au|3.5.1|
|domahotelscanberra.com.au|3.5.1|
|domashop.swelldev.com.au|3.4.1|
|download.webqem.com|N/A|
|dps-entitlement.publishe.rs|N/A|
|dps-entitlement.webqem.com|N/A|
|dpsproduction.hmca.com.au|N/A|
|dpsproduction.hmca.com.au|N/A|
|dps-publications.publishe.rs|1.11.1|
|dziecipotrzebujauwagi.pl|3.3.1|
|ebooks.webqem.com|2.1.4|
|edugamecloud.com.au|TIMEOUT|
|equazen.co.za|3.3.1|
|ethosinsite.com|3.3.1|
|ethosinsite.staging.webqem.net|3.3.1|
|ethosurban.com.au|N/A|
|event.webqem.com|3.5.1|
|event.webqem.com|3.5.1|
|event-publish.webqem.com|N/A|
|explorerstudios.co|3.4.1|
|extranet.sanzarrugby.com|2.2.2|
|extranet.sanzarrugby.com|2.2.2|
|fidelity.staging.webqem.net|3.6.0|
|fitrightaustralia.com.au|1.12.4|
|flowinteriors.com.au|1.10.1|
|frontiermutualfunds.com|3.5.1|
|frontierpartners.com|3.5.1|
|functionroomgym.com.au|3.5.1|
|futureshub.anu.edu.au|3.4.1|
|get-on.bid|1.11.2|
|ghbuildersusa.com|1.12.4|
|ginsanahealthsa.com|3.3.1|
|grants.technology|N/A|
|greenlifestructures.com.au|3.6.0|
|greystreetbrisbane.com.au|3.5.1|
|halehealth.com.au|1.11.1|
|handsacrosscanberra.org.au|3.4.1|
|hk.mfgam.com.au|3.6.0|
|homebyholly.com.au|1.12.4|
|homesbyhowe.com.au|3.4.1|
|hotelrealm.com.au|3.4.1|
|huntingtonnewcastle.com.au|1.12.4|
|icinga2.syd3-veepshosting.net|3.4.1|
|ie.mfgam.com.au|3.6.0|
|improvirri-sra.swelldev.com.au|3.6.0|
|institutional.fidelity.com.au|N/A|
|institutional.magellangroup.com.au|TIMEOUT|
|italc.edu.au|3.2.1|
|jamesandcoapartments.com.au|1.12.4|
|japan.celebrateaustralianow.com|N/A|
|johnco.shopifyapps.we.bqe.ms|2.1.4|
|johnco.staging.webqem.net|2.1.4|
|jordan.sfihealth.com|3.3.1|
|joshfrydenberg.com.au|1.11.1|
|joshfrydenberg.swelldev.com.au|1.11.1|
|ldfaustralia.com|3.5.1|
|leeleebefrank.com|N/A|
|legacy.kokodatreks.com|N/A|
|liberocapital.com.au|1.12.4|
|likefatherlikeson.staging.webqem.net|2.2.4|
|lilotang.com.au|3.4.1|
|lilotang.swelldev.com.au|3.4.1|
|littlenationalapartments.com.au|1.12.4|
|littlenationalhotel.com.au|3.4.1|
|lnhotels.com.au|3.4.1|
|m23.jdlighting.com.au|N/A|
|mafinancial.com|3.6.0|
|mafinancial.staging.webqem.net|3.6.0|
|magento2demo.webqem.net|N/A|
|magentodemo.webqem.net|1.12.4|
|malaysia.celebrateaustralianow.com|3.4.1|
|media.webqem.com|N/A|
|meetings.sanzarrugby.com|3.4.1|
|meetings.sanzarrugby.com|3.4.1|
|melrosewoden.com.au|3.4.1|
|mfgam.com.au|3.6.0|
|miles.staging.webqem.net|2.2.4|
|milesadvisorypartners.com|2.2.4|
|milesadvisorypartners.com.au|2.2.4|
|moelisaustralia.com|3.6.0|
|moodle.webqem.com|TIMEOUT|
|myendnotes.staging.webqem.net|3.5.1|
|nationalgallery.gov.au|3.3.1|
|nga.gov.au|3.3.1|
|nga.gov.au|3.3.1|
|nga.staging.webqem.net|3.3.1|
|ngoacf1.syd3-veepshosting.net|TIMEOUT|
|ngoacf1.syd3-veepshosting.net|TIMEOUT|
|nz.magellangroup.com.au|3.6.0|
|omb.staging.webqem.net|1.11.2|
|ostani.com.au|3.4.1|
|ostani.swelldev.com.au|3.4.1|
|owhs.whssystems.com.au|3.3.1|
|pacificdermatology.org.au|3.2.0|
|perennial.net.au|3.5.1|
|periscopekasaustralia.com.au|3.5.1|
|phoenixeduc.com|1.12.4|
|phoenixeducation.com.au|1.12.4|
|plantationdirect.com.au|N/A|
|pmcapital.staging.webqem.net|N/A|
|potters.staging.webqem.net|3.1.1|
|pottersherbals.co.uk|3.1.1|
|programs.aspectmentalhealth.com|3.3.1|
|proposals.homebyholly.com.au|1.12.4|
|proximity.com.au|3.4.1|
|publishe.rs|1.11.1|
|qa.flordis.com.au|3.3.1|
|realm.swelldev.com.au|3.4.1|
|realmprecinct.com.au|3.5.1|
|realmweddings.swelldev.com.au|3.4.1|
|relationshipthings.com.au|1.9.0|
|rentaski.com.au|1.9.1|
|rentwell.com.au|3.5.1|
|repsapp.aph.gov.au|TIMEOUT|
|research.ybr.com.au|3.6.0|
|runningrare.com|3.4.1|
|sbcf.staging.webqem.net|3.5.1|
|servicede.sk|2.2.4|
|servicede.sk|2.2.4|
|sfihealth.staging.webqem.net|N/A|
|sfihealth-jordan.com|3.3.1|
|sfihealthnewprod.webqem.net|1.7.2|
|sg.mfgam.com.au|3.6.0|
|sheleads.org.au|1.12.4|
|shop.fpnsw.org.au|1.12.4|
|shop.hotelrealm.com.au|3.4.1|
|shortysliquor.com.au|1.12.4|
|shortysliquor.com.au|1.12.4|
|shortysliquor.com.au|1.12.4|
|shortys-preprod.webqem.net|1.12.4|
|shortys-uat.webqem.net|1.12.4|
|sipc.staging.webqem.net|3.4.1|
|slongmuir.staging.webqem.net|3.5.1|
|sra.swelldev.com.au|3.6.0|
|stag.onmarket.com.au|1.11.2|
|staging.equazen.co.za|3.3.1|
|staging.equazen.com|3.3.1|
|staging.ethosurban.com|N/A|
|staging.ginsanahealthsa.com|3.3.1|
|staging.greenlifestructures.com.au|N/A|
|staging.leadglassandshielding.com|TIMEOUT|
|staging.mitchellam.com|3.5.1|
|staging.whssystems.com.au|3.3.1|
|stash.webqem.com|2.2.4|
|stash.webqem.com|2.2.4|
|stats.nga.gov.au|N/A|
|status.veepshosting.com|3.4.0|
|status.webqem.com|3.4.0|
|store.weareexplorers.co|2.2.3|
|studios.weareexplorers.co|3.4.1|
|sugarresearch.com.au|3.6.0|
|super.rugby|2.2.2|
|super.rugby|2.2.2|
|superfoiler.staging.webqem.net|3.6.0|
|surftravel.staging.webqem.net|3.5.1|
|sweetbonescompany.com|3.4.1|
|swell.swelldev.com.au|1.12.4|
|swelldesigngroup.com|1.12.4|
|swelldesigngroup.com.au|1.12.4|
|swelldev.com.au|N/A|
|tarahunter.com.au|N/A|
|team2.staging.webqem.net|3.5.1|
|thecrossingapartments.com.au|1.12.4|
|thefoothills.swelldev.com.au|3.5.1|
|thefoothillscampbell.com.au|3.5.1|
|thefunctionroom.com.au|3.5.1|
|thehuskypub.com.au|3.5.1|
|themelrose.swelldev.com.au|3.4.1|
|theparksredhill.com.au|3.6.0|
|theparksredhill.swelldev.com.au|3.5.1|
|theprofessionallandscapers.com.au|2.2.4|
|thestorenewcastle.com.au|1.12.4|
|thesugardeli.com.au|N/A|
|theswayn.com.au|1.12.4|
|threemillsbakery.com.au|3.4.1|
|threemillsbakery.newbestfriend.com.au|TIMEOUT|
|tonyredhead.photography|1.11.1|
|training.aitgb.com.au|3.6.0|
|ts.webqem.com|N/A|
|tsc.webqem.com|N/A|
|uk.mfgam.com.au|3.6.0|
|understandingmaths.com|1.12.4|
|upgrade.giftingm2.webqem.net|1.12.4|
|upgrade.shortysm2.webqem.net|1.12.4|
|urbanrange.staging.webqem.net|2.2.4|
|us.mfgam.com.au|3.6.0|
|veeps.weareexplorers.co|N/A|
|verdantweston.com.au|3.4.1|
|we.bqe.ms|3.6.0|
|weareexplorers.co|3.5.1|
|webqem.staging.webqem.net|3.6.0|
|weddings.hotelrealm.com.au|3.4.1|
|wewillvouchforyou.net.au|TIMEOUT|
|wine.com.au|N/A|
|wine.com.au|N/A|
|www.abroearth.com|N/A|
|www.adventureanglertv.com|1.4.1|
|www.aestheticdaysurgery.com.au|3.6.0|
|www.airlieaustraliansharefund.com.au|2.2.2|
|www.australianart.gov.au|3.3.1|
|www.australiancurriculumsupplies.com.au|1.12.4|
|www.australianprints.gov.au|3.3.1|
|www.bablgroupaction.com|3.4.1|
|www.bishopsgateapartments.com.au|1.11.3|
|www.brooks.com.au|2.2.4|
|www.burpees4boobs.com|3.0.0-alpha1+compat|
|www.burpees4boobs.com.au|3.0.0-alpha1+compat|
|www.canterburyolympicicerink.org.au|2.2.4|
|www.childersgroup.com.au|3.5.1|
|www.clearbridgeinvestments.com.au|3.5.1|
|www.clintoncapitalpartners.com.au|2.2.4|
|www.collaborativedesignspace.com.au|3.6.0|
|www.cooperinvestors.com|3.5.1|
|www.coroneos.com.au|1.12.4|
|www.cwsp.com.au|N/A|
|www.ddtech.com|3.4.1|
|www.ddtechglobal.com|1.12.4|
|www.discountpartysupplies.com.au|1.12.4|
|www.drdarrellperkins.com.au|1.12.4|
|www.durham.com.au|1.8.3|
|www.eastpizza.com.au|N/A|
|www.equazen.co.uk|3.3.1|
|www.equazen.com|3.3.1|
|www.eyecareplus.com.au|N/A|
|www.fidelity.com.au|3.6.0|
|www.fivesenseseducation.com.au|1.12.4|
|www.fivesenseseducation.com.au|1.12.4|
|www.flordis.com.au|3.3.1|
|www.formstar.com|1.5.1|
|www.gowgates.com.au|3.2.1|
|www.indigenousaccountants.com.au|1.9.0|
|www.investing.commsecadviserservices.com.au|3.6.0|
|www.jdlighting.com.au|1.12.4|
|www.killclimatedeniers.com|3.5.1|
|www.kokodatreks.com|2.2.2|
|www.larryadler.com|1.12.4|
|www.leadglassandshielding.com|3.5.1|
|www.leahbridesonarts.com.au|3.5.1|
|www.lesterbrand.com.au|1.12.1|
|www.likefatherlikeson.com.au|2.2.4|
|www.magellangroup.com.au|3.6.0|
|www.mattiejgould.com.au|1.12.4|
|www.medline.com.au|1.12.4|
|www.melanoma.org.au|1.11.0|
|www.mffcapital.com.au|3.3.1|
|www.mfgcoreseries.com.au|2.2.2|
|www.miles.com.au|2.2.4|
|www.millertripods.com|1.12.4|
|www.mitchellam.com|3.5.1|
|www.myendnotes.com|3.5.1|
|www.nationalgallery.com.au|3.3.1|
|www.nationalgallery.gov.au|3.3.1|
|www.newbestfriend.com.au|3.4.1|
|www.nickamc.com|1.12.4|
|www.octoberbreast.com.au|N/A|
|www.onmarket.com.au|1.11.2|
|www.performancehub.net.au|3.5.1|
|www.phoenixeduc.com|1.12.4|
|www.phoenixeducation.com.au|1.12.4|
|www.pmcapital.com.au|3.4.1|
|www.precisionstrata.com.au|3.5.1|
|www.riverviewfarm.com.au|1.12.4|
|www.rvpartsexpress.com.au|1.12.4|
|www.sbcf.org.au|3.5.1|
|www.sfihealth.com|1.7.2|
|www.sipc.org.au|3.4.1|
|www.slongmuir.com.au|3.5.1|
|www.superfoiler.com|3.6.0|
|www.surftravel.com.au|3.5.1|
|www.swelldesigngroup.com.au|1.12.4|
|www.sydneyslice.com|1.7.1|
|www.tapexindustrial.com.au|3.6.0|
|www.team2.com.au|3.5.1|
|www.thegreenpipesydney.com.au|N/A|
|www.thenameisplanted.com.au|N/A|
|www.thenextpair.com.au|1.12.4|
|www.thepoolserviceco.com.au|2.2.4|
|www.tobysestate.com.sg|3.6.0|
|www.understandingmaths.com|1.12.4|
|www.urbanrange.com.au|2.2.4|
|www.veepshosting.com|3.6.0|
|www.villamaraufiji.com.fj|1.5|
|www.wearethesocialclub.com.au|N/A|
|www.webqem.com|3.6.0|
|xtbs.com.au|1.11.0|
|ybrfm.com.au|3.6.0|
|ynet.ybr.com.au|1.11.1|
|ynext.ybr.com.au|1.11.1|
|youareherecanberra.com.au|3.4.1|
|ywca-canberra.org.au|1.12.4|
|ywca-computerclubhouse.org.au|1.12.4|
